VENCIMIENTOS;;;;;;;;;;;;;;;;;;;;;;;;;;;;;;;;;;;;;;;;;;;;;;;;;;;;;;;;;;;;;;;;;;;;;;;;;;;;;;;;;;;;;;;;;;;;;;;;;;;;;;;;
PERIODO Y ULTIMO DIGITO;0;1;2;3;4;5;6;7;8;9;;;;;;;;;;;;;;;;;;;;;;;;;;;;;;;;;;;;;;;;;;;;;;;;;;;;;;;;;;;;;;;;;;;;;;;;;;;;;;;;;;;;;;;;;;;;;;
ene-15;9/2/2015;9/2/2015;10/2/2015;10/2/2015;11/2/2015;11/2/2015;12/2/2015;12/2/2015;13/2/2015;13/2/2015;;;;;;;;;;;;;;;;;;;;;;;;;;;;;;;;;;;;;;;;;;;;;;;;;;;;;;;;;;;;;;;;;;;;;;;;;;;;;;;;;;;;;;;;;;;;;;
feb-15;9/3/2015;9/3/2015;10/3/2015;10/3/2015;11/3/2015;11/3/2015;12/3/2015;12/3/2015;13/3/2015;13/3/2015;;;;;;;;;;;;;;;;;;;;;;;;;;;;;;;;;;;;;;;;;;;;;;;;;;;;;;;;;;;;;;;;;;;;;;;;;;;;;;;;;;;;;;;;;;;;;;
mar-15;7/4/2015;7/4/2015;8/4/2015;8/4/2015;9/4/2015;9/4/2015;10/4/2015;10/4/2015;13/4/2015;13/4/2015;;;;;;;;;;;;;;;;;;;;;;;;;;;;;;;;;;;;;;;;;;;;;;;;;;;;;;;;;;;;;;;;;;;;;;;;;;;;;;;;;;;;;;;;;;;;;;
abr-15;7/5/2015;7/5/2015;8/5/2015;8/5/2015;11/5/2015;11/5/2015;12/5/2015;12/5/2015;13/5/2015;13/5/2015;;;;;;;;;;;;;;;;;;;;;;;;;;;;;;;;;;;;;;;;;;;;;;;;;;;;;;;;;;;;;;;;;;;;;;;;;;;;;;;;;;;;;;;;;;;;;;
may-15;8/6/2015;8/6/2015;9/6/2015;9/6/2015;10/6/2015;10/6/2015;11/6/2015;11/6/2015;12/6/2015;12/6/2015;;;;;;;;;;;;;;;;;;;;;;;;;;;;;;;;;;;;;;;;;;;;;;;;;;;;;;;;;;;;;;;;;;;;;;;;;;;;;;;;;;;;;;;;;;;;;;
jun-15;7/7/2015;7/7/2015;8/7/2015;8/7/2015;10/7/2015;10/7/2015;13/7/2015;13/7/2015;14/7/2015;14/7/2015;;;;;;;;;;;;;;;;;;;;;;;;;;;;;;;;;;;;;;;;;;;;;;;;;;;;;;;;;;;;;;;;;;;;;;;;;;;;;;;;;;;;;;;;;;;;;;
jul-15;7/8/2015;7/8/2015;10/8/2015;10/8/2015;11/8/2015;11/8/2015;12/8/2015;12/8/2015;13/8/2015;13/8/2015;;;;;;;;;;;;;;;;;;;;;;;;;;;;;;;;;;;;;;;;;;;;;;;;;;;;;;;;;;;;;;;;;;;;;;;;;;;;;;;;;;;;;;;;;;;;;;
ago-15;7/9/2015;7/9/2015;8/9/2015;8/9/2015;9/9/2015;9/9/2015;10/9/2015;10/9/2015;11/9/2015;11/9/2015;;;;;;;;;;;;;;;;;;;;;;;;;;;;;;;;;;;;;;;;;;;;;;;;;;;;;;;;;;;;;;;;;;;;;;;;;;;;;;;;;;;;;;;;;;;;;;
sept-15;7/10/2015;7/10/2015;8/10/2015;8/10/2015;9/10/2015;9/10/2015;13/10/2015;13/10/2015;14/10/2015;14/10/2015;;;;;;;;;;;;;;;;;;;;;;;;;;;;;;;;;;;;;;;;;;;;;;;;;;;;;;;;;;;;;;;;;;;;;;;;;;;;;;;;;;;;;;;;;;;;;;
oct-15;9/11/2015;9/11/2015;10/11/2015;10/11/2015;11/11/2015;11/11/2015;12/11/2015;12/11/2015;13/11/2015;13/11/2015;;;;;;;;;;;;;;;;;;;;;;;;;;;;;;;;;;;;;;;;;;;;;;;;;;;;;;;;;;;;;;;;;;;;;;;;;;;;;;;;;;;;;;;;;;;;;;
nov-15;9/12/2015;9/12/2015;10/12/2015;10/12/2015;11/12/2015;11/12/2015;14/12/2015;14/12/2015;15/12/2015;15/12/2015;;;;;;;;;;;;;;;;;;;;;;;;;;;;;;;;;;;;;;;;;;;;;;;;;;;;;;;;;;;;;;;;;;;;;;;;;;;;;;;;;;;;;;;;;;;;;;
dic-15;7/1/2016;7/1/2016;8/1/2016;8/1/2016;11/1/2016;11/1/2016;12/1/2016;12/1/2016;13/1/2016;13/1/2016;;;;;;;;;;;;;;;;;;;;;;;;;;;;;;;;;;;;;;;;;;;;;;;;;;;;;;;;;;;;;;;;;;;;;;;;;;;;;;;;;;;;;;;;;;;;;;
ene-16;10/2/2016;10/2/2016;11/2/2016;11/2/2016;12/2/2016;12/2/2016;15/2/2016;15/2/2016;16/2/2016;16/2/2016;;;;;;;;;;;;;;;;;;;;;;;;;;;;;;;;;;;;;;;;;;;;;;;;;;;;;;;;;;;;;;;;;;;;;;;;;;;;;;;;;;;;;;;;;;;;;;
feb-16;7/3/2016;7/3/2016;8/3/2016;8/3/2016;9/3/2016;9/3/2016;10/3/2016;10/3/2016;11/3/2016;11/3/2016;;;;;;;;;;;;;;;;;;;;;;;;;;;;;;;;;;;;;;;;;;;;;;;;;;;;;;;;;;;;;;;;;;;;;;;;;;;;;;;;;;;;;;;;;;;;;;
mar-16;7/4/2016;7/4/2016;8/4/2016;8/4/2016;11/4/2016;11/4/2016;12/4/2016;12/4/2016;13/4/2016;13/4/2016;;;;;;;;;;;;;;;;;;;;;;;;;;;;;;;;;;;;;;;;;;;;;;;;;;;;;;;;;;;;;;;;;;;;;;;;;;;;;;;;;;;;;;;;;;;;;;
abr-16;9/5/2016;9/5/2016;10/5/2016;10/5/2016;11/5/2016;11/5/2016;12/5/2016;12/5/2016;13/5/2016;13/5/2016;;;;;;;;;;;;;;;;;;;;;;;;;;;;;;;;;;;;;;;;;;;;;;;;;;;;;;;;;;;;;;;;;;;;;;;;;;;;;;;;;;;;;;;;;;;;;;
may-16;7/6/2016;7/6/2016;8/6/2016;8/6/2016;9/6/2016;9/6/2016;10/6/2016;10/6/2016;13/6/2016;13/6/2016;;;;;;;;;;;;;;;;;;;;;;;;;;;;;;;;;;;;;;;;;;;;;;;;;;;;;;;;;;;;;;;;;;;;;;;;;;;;;;;;;;;;;;;;;;;;;;
jun-16;7/7/2016;7/7/2016;11/7/2016;11/7/2016;12/7/2016;12/7/2016;13/7/2016;13/7/2016;14/7/2016;14/7/2016;;;;;;;;;;;;;;;;;;;;;;;;;;;;;;;;;;;;;;;;;;;;;;;;;;;;;;;;;;;;;;;;;;;;;;;;;;;;;;;;;;;;;;;;;;;;;;
jul-16;8/8/2016;8/8/2016;9/8/2016;9/8/2016;10/8/2016;10/8/2016;11/8/2016;11/8/2016;12/8/2016;12/8/2016;;;;;;;;;;;;;;;;;;;;;;;;;;;;;;;;;;;;;;;;;;;;;;;;;;;;;;;;;;;;;;;;;;;;;;;;;;;;;;;;;;;;;;;;;;;;;;
ago-16;7/9/2016;7/9/2016;8/9/2016;8/9/2016;9/9/2016;9/9/2016;12/9/2016;12/9/2016;13/9/2016;13/9/2016;;;;;;;;;;;;;;;;;;;;;;;;;;;;;;;;;;;;;;;;;;;;;;;;;;;;;;;;;;;;;;;;;;;;;;;;;;;;;;;;;;;;;;;;;;;;;;
sept-16;7/10/2016;7/10/2016;11/10/2016;11/10/2016;12/10/2016;12/10/2016;13/10/2016;13/10/2016;14/10/2016;14/10/2016;;;;;;;;;;;;;;;;;;;;;;;;;;;;;;;;;;;;;;;;;;;;;;;;;;;;;;;;;;;;;;;;;;;;;;;;;;;;;;;;;;;;;;;;;;;;;;
oct-16;7/11/2016;7/11/2016;8/11/2016;8/11/2016;9/11/2016;9/11/2016;10/11/2016;10/11/2016;11/11/2016;11/11/2016;;;;;;;;;;;;;;;;;;;;;;;;;;;;;;;;;;;;;;;;;;;;;;;;;;;;;;;;;;;;;;;;;;;;;;;;;;;;;;;;;;;;;;;;;;;;;;
nov-16;7/12/2016;7/12/2016;12/12/2016;12/12/2016;13/12/2016;13/12/2016;14/12/2016;14/12/2016;15/12/2016;15/12/2016;;;;;;;;;;;;;;;;;;;;;;;;;;;;;;;;;;;;;;;;;;;;;;;;;;;;;;;;;;;;;;;;;;;;;;;;;;;;;;;;;;;;;;;;;;;;;;
dic-16;9/1/2017;9/1/2017;10/1/2017;10/1/2017;11/1/2017;11/1/2017;12/1/2017;12/1/2017;13/1/2017;13/1/2017;;;;;;;;;;;;;;;;;;;;;;;;;;;;;;;;;;;;;;;;;;;;;;;;;;;;;;;;;;;;;;;;;;;;;;;;;;;;;;;;;;;;;;;;;;;;;;
ene-17;7/2/2017;7/2/2017;8/2/2017;8/2/2017;9/2/2017;9/2/2017;10/2/2017;10/2/2017;13/2/2017;13/2/2017;;;;;;;;;;;;;;;;;;;;;;;;;;;;;;;;;;;;;;;;;;;;;;;;;;;;;;;;;;;;;;;;;;;;;;;;;;;;;;;;;;;;;;;;;;;;;;
feb-17;7/3/2017;7/3/2017;8/3/2017;8/3/2017;9/3/2017;9/3/2017;10/3/2017;10/3/2017;13/3/2017;13/3/2017;;;;;;;;;;;;;;;;;;;;;;;;;;;;;;;;;;;;;;;;;;;;;;;;;;;;;;;;;;;;;;;;;;;;;;;;;;;;;;;;;;;;;;;;;;;;;;
mar-17;7/4/2017;7/4/2017;10/4/2017;10/4/2017;11/4/2017;11/4/2017;12/4/2017;12/4/2017;13/4/2017;13/4/2017;;;;;;;;;;;;;;;;;;;;;;;;;;;;;;;;;;;;;;;;;;;;;;;;;;;;;;;;;;;;;;;;;;;;;;;;;;;;;;;;;;;;;;;;;;;;;;
abr-17;8/5/2017;8/5/2017;9/5/2017;9/5/2017;10/5/2017;10/5/2017;11/5/2017;11/5/2017;12/5/2017;12/5/2017;;;;;;;;;;;;;;;;;;;;;;;;;;;;;;;;;;;;;;;;;;;;;;;;;;;;;;;;;;;;;;;;;;;;;;;;;;;;;;;;;;;;;;;;;;;;;;
may-17;7/6/2017;7/6/2017;8/6/2017;8/6/2017;9/6/2017;9/6/2017;12/6/2017;12/6/2017;13/6/2017;13/6/2017;;;;;;;;;;;;;;;;;;;;;;;;;;;;;;;;;;;;;;;;;;;;;;;;;;;;;;;;;;;;;;;;;;;;;;;;;;;;;;;;;;;;;;;;;;;;;;
jun-17;7/7/2017;7/7/2017;10/7/2017;10/7/2017;11/7/2017;11/7/2017;12/7/2017;12/7/2017;13/7/2017;13/7/2017;;;;;;;;;;;;;;;;;;;;;;;;;;;;;;;;;;;;;;;;;;;;;;;;;;;;;;;;;;;;;;;;;;;;;;;;;;;;;;;;;;;;;;;;;;;;;;
jul-17;7/8/2017;7/8/2017;8/8/2017;8/8/2017;9/8/2017;9/8/2017;10/8/2017;10/8/2017;11/8/2017;11/8/2017;;;;;;;;;;;;;;;;;;;;;;;;;;;;;;;;;;;;;;;;;;;;;;;;;;;;;;;;;;;;;;;;;;;;;;;;;;;;;;;;;;;;;;;;;;;;;;
ago-17;7/9/2017;7/9/2017;8/9/2017;8/9/2017;11/9/2017;11/9/2017;12/9/2017;12/9/2017;13/9/2017;13/9/2017;;;;;;;;;;;;;;;;;;;;;;;;;;;;;;;;;;;;;;;;;;;;;;;;;;;;;;;;;;;;;;;;;;;;;;;;;;;;;;;;;;;;;;;;;;;;;;
sept-17;10/10/2017;10/10/2017;11/10/2017;11/10/2017;12/10/2017;12/10/2017;13/10/2017;13/10/2017;16/10/2017;16/10/2017;;;;;;;;;;;;;;;;;;;;;;;;;;;;;;;;;;;;;;;;;;;;;;;;;;;;;;;;;;;;;;;;;;;;;;;;;;;;;;;;;;;;;;;;;;;;;;
oct-17;7/11/2017;7/11/2017;8/11/2017;8/11/2017;9/11/2017;9/11/2017;10/11/2017;10/11/2017;13/11/2017;13/11/2017;;;;;;;;;;;;;;;;;;;;;;;;;;;;;;;;;;;;;;;;;;;;;;;;;;;;;;;;;;;;;;;;;;;;;;;;;;;;;;;;;;;;;;;;;;;;;;
nov-17;7/12/2017;7/12/2017;11/12/2017;11/12/2017;12/12/2017;12/12/2017;13/12/2017;13/12/2017;14/12/2017;14/12/2017;;;;;;;;;;;;;;;;;;;;;;;;;;;;;;;;;;;;;;;;;;;;;;;;;;;;;;;;;;;;;;;;;;;;;;;;;;;;;;;;;;;;;;;;;;;;;;
dic-17;9/1/2018;9/1/2018;9/1/2018;9/1/2018;10/1/2018;10/1/2018;10/1/2018;11/1/2018;11/1/2018;11/1/2018;;;;;;;;;;;;;;;;;;;;;;;;;;;;;;;;;;;;;;;;;;;;;;;;;;;;;;;;;;;;;;;;;;;;;;;;;;;;;;;;;;;;;;;;;;;;;;
ene-18;9/2/2018;9/2/2018;9/2/2018;9/2/2018;14/2/2018;14/2/2018;14/2/2018;15/2/2018;15/2/2018;15/2/2018;;;;;;;;;;;;;;;;;;;;;;;;;;;;;;;;;;;;;;;;;;;;;;;;;;;;;;;;;;;;;;;;;;;;;;;;;;;;;;;;;;;;;;;;;;;;;;
feb-18;9/3/2018;9/3/2018;9/3/2018;9/3/2018;12/3/2018;12/3/2018;12/3/2018;13/3/2018;13/3/2018;13/3/2018;;;;;;;;;;;;;;;;;;;;;;;;;;;;;;;;;;;;;;;;;;;;;;;;;;;;;;;;;;;;;;;;;;;;;;;;;;;;;;;;;;;;;;;;;;;;;;
mar-18;9/4/2018;9/4/2018;9/4/2018;9/4/2018;10/4/2018;10/4/2018;10/4/2018;11/4/2018;11/4/2018;11/4/2018;;;;;;;;;;;;;;;;;;;;;;;;;;;;;;;;;;;;;;;;;;;;;;;;;;;;;;;;;;;;;;;;;;;;;;;;;;;;;;;;;;;;;;;;;;;;;;
abr-18;9/5/2018;9/5/2018;9/5/2018;9/5/2018;10/5/2018;10/5/2018;10/5/2018;11/5/2018;11/5/2018;11/5/2018;;;;;;;;;;;;;;;;;;;;;;;;;;;;;;;;;;;;;;;;;;;;;;;;;;;;;;;;;;;;;;;;;;;;;;;;;;;;;;;;;;;;;;;;;;;;;;
may-18;11/6/2018;11/6/2018;11/6/2018;11/6/2018;12/6/2018;12/6/2018;12/6/2018;13/6/2018;13/6/2018;13/6/2018;;;;;;;;;;;;;;;;;;;;;;;;;;;;;;;;;;;;;;;;;;;;;;;;;;;;;;;;;;;;;;;;;;;;;;;;;;;;;;;;;;;;;;;;;;;;;;
jun-18;10/7/2018;10/7/2018;10/7/2018;10/7/2018;11/7/2018;11/7/2018;11/7/2018;12/7/2018;12/7/2018;12/7/2018;;;;;;;;;;;;;;;;;;;;;;;;;;;;;;;;;;;;;;;;;;;;;;;;;;;;;;;;;;;;;;;;;;;;;;;;;;;;;;;;;;;;;;;;;;;;;;
jul-18;9/8/2018;9/8/2018;9/8/2018;9/8/2018;10/8/2018;10/8/2018;10/8/2018;13/8/2018;13/8/2018;13/8/2018;;;;;;;;;;;;;;;;;;;;;;;;;;;;;;;;;;;;;;;;;;;;;;;;;;;;;;;;;;;;;;;;;;;;;;;;;;;;;;;;;;;;;;;;;;;;;;
ago-18;10/9/2018;10/9/2018;10/9/2018;10/9/2018;11/9/2018;11/9/2018;11/9/2018;12/9/2018;12/9/2018;12/9/2018;;;;;;;;;;;;;;;;;;;;;;;;;;;;;;;;;;;;;;;;;;;;;;;;;;;;;;;;;;;;;;;;;;;;;;;;;;;;;;;;;;;;;;;;;;;;;;
sept-18;9/10/2018;9/10/2018;9/10/2018;9/10/2018;10/10/2018;10/10/2018;10/10/2018;11/10/2018;11/10/2018;11/10/2018;;;;;;;;;;;;;;;;;;;;;;;;;;;;;;;;;;;;;;;;;;;;;;;;;;;;;;;;;;;;;;;;;;;;;;;;;;;;;;;;;;;;;;;;;;;;;;
oct-18;9/11/2018;9/11/2018;9/11/2018;9/11/2018;12/11/2018;12/11/2018;12/11/2018;13/11/2018;13/11/2018;13/11/2018;;;;;;;;;;;;;;;;;;;;;;;;;;;;;;;;;;;;;;;;;;;;;;;;;;;;;;;;;;;;;;;;;;;;;;;;;;;;;;;;;;;;;;;;;;;;;;
nov-18;10/12/2018;10/12/2018;10/12/2018;10/12/2018;11/12/2018;11/12/2018;11/12/2018;12/12/2018;12/12/2018;12/12/2018;;;;;;;;;;;;;;;;;;;;;;;;;;;;;;;;;;;;;;;;;;;;;;;;;;;;;;;;;;;;;;;;;;;;;;;;;;;;;;;;;;;;;;;;;;;;;;
dic-18;9/1/2019;9/1/2019;9/1/2019;9/1/2019;10/1/2019;10/1/2019;10/1/2019;11/1/2019;11/1/2019;11/1/2019;;;;;;;;;;;;;;;;;;;;;;;;;;;;;;;;;;;;;;;;;;;;;;;;;;;;;;;;;;;;;;;;;;;;;;;;;;;;;;;;;;;;;;;;;;;;;;
ene-19;11/2/2019;11/2/2019;11/2/2019;11/2/2019;12/2/2019;12/2/2019;12/2/2019;13/2/2019;13/2/2019;13/2/2019;;;;;;;;;;;;;;;;;;;;;;;;;;;;;;;;;;;;;;;;;;;;;;;;;;;;;;;;;;;;;;;;;;;;;;;;;;;;;;;;;;;;;;;;;;;;;;
feb-19;11/3/2019;11/3/2019;11/3/2019;11/3/2019;12/3/2019;12/3/2019;12/3/2019;13/3/2019;13/3/2019;13/3/2019;;;;;;;;;;;;;;;;;;;;;;;;;;;;;;;;;;;;;;;;;;;;;;;;;;;;;;;;;;;;;;;;;;;;;;;;;;;;;;;;;;;;;;;;;;;;;;
mar-19;9/4/2019;9/4/2019;9/4/2019;9/4/2019;10/4/2019;10/4/2019;10/4/2019;11/4/2019;11/4/2019;11/4/2019;;;;;;;;;;;;;;;;;;;;;;;;;;;;;;;;;;;;;;;;;;;;;;;;;;;;;;;;;;;;;;;;;;;;;;;;;;;;;;;;;;;;;;;;;;;;;;
abr-19;9/5/2019;9/5/2019;9/5/2019;9/5/2019;10/5/2019;10/5/2019;10/5/2019;13/5/2019;13/5/2019;13/5/2019;;;;;;;;;;;;;;;;;;;;;;;;;;;;;;;;;;;;;;;;;;;;;;;;;;;;;;;;;;;;;;;;;;;;;;;;;;;;;;;;;;;;;;;;;;;;;;
may-19;10/6/2019;10/6/2019;10/6/2019;10/6/2019;11/6/2019;11/6/2019;11/6/2019;12/6/2019;12/6/2019;12/6/2019;;;;;;;;;;;;;;;;;;;;;;;;;;;;;;;;;;;;;;;;;;;;;;;;;;;;;;;;;;;;;;;;;;;;;;;;;;;;;;;;;;;;;;;;;;;;;;
jun-19;10/7/2019;10/7/2019;10/7/2019;10/7/2019;11/7/2019;11/7/2019;11/7/2019;12/7/2019;12/7/2019;12/7/2019;;;;;;;;;;;;;;;;;;;;;;;;;;;;;;;;;;;;;;;;;;;;;;;;;;;;;;;;;;;;;;;;;;;;;;;;;;;;;;;;;;;;;;;;;;;;;;
jul-19;9/8/2019;9/8/2019;9/8/2019;9/8/2019;12/8/2019;12/8/2019;12/8/2019;13/8/2019;13/8/2019;13/8/2019;;;;;;;;;;;;;;;;;;;;;;;;;;;;;;;;;;;;;;;;;;;;;;;;;;;;;;;;;;;;;;;;;;;;;;;;;;;;;;;;;;;;;;;;;;;;;;
ago-19;9/9/2019;9/9/2019;9/9/2019;9/9/2019;10/9/2019;10/9/2019;10/9/2019;11/9/2019;11/9/2019;11/9/2019;;;;;;;;;;;;;;;;;;;;;;;;;;;;;;;;;;;;;;;;;;;;;;;;;;;;;;;;;;;;;;;;;;;;;;;;;;;;;;;;;;;;;;;;;;;;;;
sept-19;9/10/2019;9/10/2019;9/10/2019;9/10/2019;10/10/2019;10/10/2019;10/10/2019;11/10/2019;11/10/2019;11/10/2019;;;;;;;;;;;;;;;;;;;;;;;;;;;;;;;;;;;;;;;;;;;;;;;;;;;;;;;;;;;;;;;;;;;;;;;;;;;;;;;;;;;;;;;;;;;;;;
oct-19;11/11/2019;11/11/2019;11/11/2019;11/11/2019;12/11/2019;12/11/2019;12/11/2019;13/11/2019;13/11/2019;13/11/2019;;;;;;;;;;;;;;;;;;;;;;;;;;;;;;;;;;;;;;;;;;;;;;;;;;;;;;;;;;;;;;;;;;;;;;;;;;;;;;;;;;;;;;;;;;;;;;
nov-19;9/12/2019;9/12/2019;9/12/2019;9/12/2019;10/12/2019;10/12/2019;10/12/2019;11/12/2019;11/12/2019;11/12/2019;;;;;;;;;;;;;;;;;;;;;;;;;;;;;;;;;;;;;;;;;;;;;;;;;;;;;;;;;;;;;;;;;;;;;;;;;;;;;;;;;;;;;;;;;;;;;;
dic-19;6/1/2020;6/1/2020;6/1/2020;6/1/2020;10/1/2020;10/1/2020;10/1/2020;13/1/2020;13/1/2020;13/1/2020;;;;;;;;;;;;;;;;;;;;;;;;;;;;;;;;;;;;;;;;;;;;;;;;;;;;;;;;;;;;;;;;;;;;;;;;;;;;;;;;;;;;;;;;;;;;;;
ene-20;10/2/2020;10/2/2020;10/2/2020;10/2/2020;11/2/2020;11/2/2020;11/2/2020;12/2/2020;12/2/2020;12/2/2020;;;;;;;;;;;;;;;;;;;;;;;;;;;;;;;;;;;;;;;;;;;;;;;;;;;;;;;;;;;;;;;;;;;;;;;;;;;;;;;;;;;;;;;;;;;;;;
feb-20;9/3/2020;9/3/2020;9/3/2020;9/3/2020;10/3/2020;10/3/2020;10/3/2020;11/3/2020;11/3/2020;11/3/2020;;;;;;;;;;;;;;;;;;;;;;;;;;;;;;;;;;;;;;;;;;;;;;;;;;;;;;;;;;;;;;;;;;;;;;;;;;;;;;;;;;;;;;;;;;;;;;
mar-20;13/4/2020;13/4/2020;13/4/2020;13/4/2020;14/4/2020;14/4/2020;14/4/2020;15/4/2020;15/4/2020;15/4/2020;;;;;;;;;;;;;;;;;;;;;;;;;;;;;;;;;;;;;;;;;;;;;;;;;;;;;;;;;;;;;;;;;;;;;;;;;;;;;;;;;;;;;;;;;;;;;;
abr-20;11/5/2020;11/5/2020;11/5/2020;11/5/2020;12/5/2020;12/5/2020;12/5/2020;13/5/2020;13/5/2020;13/5/2020;;;;;;;;;;;;;;;;;;;;;;;;;;;;;;;;;;;;;;;;;;;;;;;;;;;;;;;;;;;;;;;;;;;;;;;;;;;;;;;;;;;;;;;;;;;;;;
may-20;9/6/2020;9/6/2020;9/6/2020;9/6/2020;10/6/2020;10/6/2020;10/6/2020;11/6/2020;11/6/2020;11/6/2020;;;;;;;;;;;;;;;;;;;;;;;;;;;;;;;;;;;;;;;;;;;;;;;;;;;;;;;;;;;;;;;;;;;;;;;;;;;;;;;;;;;;;;;;;;;;;;
jun-20;13/7/2020;13/7/2020;13/7/2020;13/7/2020;14/7/2020;14/7/2020;14/7/2020;15/7/2020;15/7/2020;15/7/2020;;;;;;;;;;;;;;;;;;;;;;;;;;;;;;;;;;;;;;;;;;;;;;;;;;;;;;;;;;;;;;;;;;;;;;;;;;;;;;;;;;;;;;;;;;;;;;
jul-20;10/8/2020;10/8/2020;10/8/2020;10/8/2020;11/8/2020;11/8/2020;11/8/2020;12/8/2020;12/8/2020;12/8/2020;;;;;;;;;;;;;;;;;;;;;;;;;;;;;;;;;;;;;;;;;;;;;;;;;;;;;;;;;;;;;;;;;;;;;;;;;;;;;;;;;;;;;;;;;;;;;;
ago-20;14/9/2020;14/9/2020;14/9/2020;14/9/2020;15/9/2020;15/9/2020;15/9/2020;16/9/2020;16/9/2020;16/9/2020;;;;;;;;;;;;;;;;;;;;;;;;;;;;;;;;;;;;;;;;;;;;;;;;;;;;;;;;;;;;;;;;;;;;;;;;;;;;;;;;;;;;;;;;;;;;;;
sept-20;14/10/2020;14/10/2020;14/10/2020;14/10/2020;15/10/2020;15/10/2020;15/10/2020;16/10/2020;16/10/2020;16/10/2020;;;;;;;;;;;;;;;;;;;;;;;;;;;;;;;;;;;;;;;;;;;;;;;;;;;;;;;;;;;;;;;;;;;;;;;;;;;;;;;;;;;;;;;;;;;;;;
oct-20;9/11/2020;9/11/2020;9/11/2020;9/11/2020;10/11/2020;10/11/2020;10/11/2020;11/11/2020;11/11/2020;11/11/2020;;;;;;;;;;;;;;;;;;;;;;;;;;;;;;;;;;;;;;;;;;;;;;;;;;;;;;;;;;;;;;;;;;;;;;;;;;;;;;;;;;;;;;;;;;;;;;
nov-20;9/12/2020;9/12/2020;9/12/2020;9/12/2020;10/12/2020;10/12/2020;10/12/2020;11/12/2020;11/12/2020;11/12/2020;;;;;;;;;;;;;;;;;;;;;;;;;;;;;;;;;;;;;;;;;;;;;;;;;;;;;;;;;;;;;;;;;;;;;;;;;;;;;;;;;;;;;;;;;;;;;;
dic-20;11/1/2021;11/1/2021;11/1/2021;11/1/2021;12/1/2021;12/1/2021;12/1/2021;13/1/2021;13/1/2021;13/1/2021;;;;;;;;;;;;;;;;;;;;;;;;;;;;;;;;;;;;;;;;;;;;;;;;;;;;;;;;;;;;;;;;;;;;;;;;;;;;;;;;;;;;;;;;;;;;;;
ene-21;9/2/2021;9/2/2021;9/2/2021;9/2/2021;10/2/2021;10/2/2021;10/2/2021;11/2/2021;11/2/2021;11/2/2021;;;;;;;;;;;;;;;;;;;;;;;;;;;;;;;;;;;;;;;;;;;;;;;;;;;;;;;;;;;;;;;;;;;;;;;;;;;;;;;;;;;;;;;;;;;;;;
feb-21;9/3/2021;9/3/2021;9/3/2021;9/3/2021;10/3/2021;10/3/2021;10/3/2021;11/3/2021;11/3/2021;11/3/2021;;;;;;;;;;;;;;;;;;;;;;;;;;;;;;;;;;;;;;;;;;;;;;;;;;;;;;;;;;;;;;;;;;;;;;;;;;;;;;;;;;;;;;;;;;;;;;
mar-21;9/4/2021;9/4/2021;9/4/2021;9/4/2021;12/4/2021;12/4/2021;12/4/2021;13/4/2021;13/4/2021;13/4/2021;;;;;;;;;;;;;;;;;;;;;;;;;;;;;;;;;;;;;;;;;;;;;;;;;;;;;;;;;;;;;;;;;;;;;;;;;;;;;;;;;;;;;;;;;;;;;;
abr-21;10/5/2021;10/5/2021;10/5/2021;10/5/2021;11/5/2021;11/5/2021;11/5/2021;12/5/2021;12/5/2021;12/5/2021;;;;;;;;;;;;;;;;;;;;;;;;;;;;;;;;;;;;;;;;;;;;;;;;;;;;;;;;;;;;;;;;;;;;;;;;;;;;;;;;;;;;;;;;;;;;;;
may-21;9/6/2021;9/6/2021;9/6/2021;9/6/2021;10/6/2021;10/6/2021;10/6/2021;11/6/2021;11/6/2021;11/6/2021;;;;;;;;;;;;;;;;;;;;;;;;;;;;;;;;;;;;;;;;;;;;;;;;;;;;;;;;;;;;;;;;;;;;;;;;;;;;;;;;;;;;;;;;;;;;;;
jun-21;12/7/2021;12/7/2021;12/7/2021;12/7/2021;13/7/2021;13/7/2021;13/7/2021;14/7/2021;14/7/2021;14/7/2021;;;;;;;;;;;;;;;;;;;;;;;;;;;;;;;;;;;;;;;;;;;;;;;;;;;;;;;;;;;;;;;;;;;;;;;;;;;;;;;;;;;;;;;;;;;;;;
jul-21;9/8/2021;9/8/2021;9/8/2021;9/8/2021;10/8/2021;10/8/2021;10/8/2021;11/8/2021;11/8/2021;11/8/2021;;;;;;;;;;;;;;;;;;;;;;;;;;;;;;;;;;;;;;;;;;;;;;;;;;;;;;;;;;;;;;;;;;;;;;;;;;;;;;;;;;;;;;;;;;;;;;
ago-21;9/9/2021;9/9/2021;9/9/2021;9/9/2021;10/9/2021;10/9/2021;10/9/2021;13/9/2021;13/9/2021;13/9/2021;;;;;;;;;;;;;;;;;;;;;;;;;;;;;;;;;;;;;;;;;;;;;;;;;;;;;;;;;;;;;;;;;;;;;;;;;;;;;;;;;;;;;;;;;;;;;;
sept-21;12/10/2021;12/10/2021;12/10/2021;12/10/2021;13/10/2021;13/10/2021;13/10/2021;14/10/2021;14/10/2021;14/10/2021;;;;;;;;;;;;;;;;;;;;;;;;;;;;;;;;;;;;;;;;;;;;;;;;;;;;;;;;;;;;;;;;;;;;;;;;;;;;;;;;;;;;;;;;;;;;;;
oct-21;9/11/2021;9/11/2021;9/11/2021;9/11/2021;10/11/2021;10/11/2021;10/11/2021;11/11/2021;11/11/2021;11/11/2021;;;;;;;;;;;;;;;;;;;;;;;;;;;;;;;;;;;;;;;;;;;;;;;;;;;;;;;;;;;;;;;;;;;;;;;;;;;;;;;;;;;;;;;;;;;;;;
nov-21;9/12/2021;9/12/2021;9/12/2021;9/12/2021;10/12/2021;10/12/2021;10/12/2021;13/12/2021;13/12/2021;13/12/2021;;;;;;;;;;;;;;;;;;;;;;;;;;;;;;;;;;;;;;;;;;;;;;;;;;;;;;;;;;;;;;;;;;;;;;;;;;;;;;;;;;;;;;;;;;;;;;
dic-21;10/1/2022;10/1/2022;10/1/2022;10/1/2022;11/1/2022;11/1/2022;11/1/2022;12/1/2022;12/1/2022;12/1/2022;;;;;;;;;;;;;;;;;;;;;;;;;;;;;;;;;;;;;;;;;;;;;;;;;;;;;;;;;;;;;;;;;;;;;;;;;;;;;;;;;;;;;;;;;;;;;;
ene-22;9/2/2022;9/2/2022;9/2/2022;9/2/2022;10/2/2022;10/2/2022;10/2/2022;11/2/2022;11/2/2022;11/2/2022;;;;;;;;;;;;;;;;;;;;;;;;;;;;;;;;;;;;;;;;;;;;;;;;;;;;;;;;;;;;;;;;;;;;;;;;;;;;;;;;;;;;;;;;;;;;;;
feb-22;9/3/2022;9/3/2022;9/3/2022;9/3/2022;10/3/2022;10/3/2022;10/3/2022;11/3/2022;11/3/2022;11/3/2022;;;;;;;;;;;;;;;;;;;;;;;;;;;;;;;;;;;;;;;;;;;;;;;;;;;;;;;;;;;;;;;;;;;;;;;;;;;;;;;;;;;;;;;;;;;;;;
mar-22;11/4/2022;11/4/2022;11/4/2022;11/4/2022;12/4/2022;12/4/2022;12/4/2022;13/4/2022;13/4/2022;13/4/2022;;;;;;;;;;;;;;;;;;;;;;;;;;;;;;;;;;;;;;;;;;;;;;;;;;;;;;;;;;;;;;;;;;;;;;;;;;;;;;;;;;;;;;;;;;;;;;
abr-22;9/5/2022;9/5/2022;9/5/2022;9/5/2022;10/5/2022;10/5/2022;10/5/2022;11/5/2022;11/5/2022;11/5/2022;;;;;;;;;;;;;;;;;;;;;;;;;;;;;;;;;;;;;;;;;;;;;;;;;;;;;;;;;;;;;;;;;;;;;;;;;;;;;;;;;;;;;;;;;;;;;;
may-22;9/6/2022;9/6/2022;9/6/2022;9/6/2022;10/6/2022;10/6/2022;10/6/2022;13/6/2022;13/6/2022;13/6/2022;;;;;;;;;;;;;;;;;;;;;;;;;;;;;;;;;;;;;;;;;;;;;;;;;;;;;;;;;;;;;;;;;;;;;;;;;;;;;;;;;;;;;;;;;;;;;;
jun-22;11/7/2022;11/7/2022;11/7/2022;11/7/2022;12/7/2022;12/7/2022;12/7/2022;13/7/2022;13/7/2022;13/7/2022;;;;;;;;;;;;;;;;;;;;;;;;;;;;;;;;;;;;;;;;;;;;;;;;;;;;;;;;;;;;;;;;;;;;;;;;;;;;;;;;;;;;;;;;;;;;;;
jul-22;9/8/2022;9/8/2022;9/8/2022;9/8/2022;10/8/2022;10/8/2022;10/8/2022;11/8/2022;11/8/2022;11/8/2022;;;;;;;;;;;;;;;;;;;;;;;;;;;;;;;;;;;;;;;;;;;;;;;;;;;;;;;;;;;;;;;;;;;;;;;;;;;;;;;;;;;;;;;;;;;;;;
ago-22;9/9/2022;9/9/2022;9/9/2022;9/9/2022;12/9/2022;12/9/2022;12/9/2022;13/9/2022;13/9/2022;13/9/2022;;;;;;;;;;;;;;;;;;;;;;;;;;;;;;;;;;;;;;;;;;;;;;;;;;;;;;;;;;;;;;;;;;;;;;;;;;;;;;;;;;;;;;;;;;;;;;
sept-22;11/10/2022;11/10/2022;11/10/2022;11/10/2022;12/10/2022;12/10/2022;12/10/2022;13/10/2022;13/10/2022;13/10/2022;;;;;;;;;;;;;;;;;;;;;;;;;;;;;;;;;;;;;;;;;;;;;;;;;;;;;;;;;;;;;;;;;;;;;;;;;;;;;;;;;;;;;;;;;;;;;;
oct-22;9/11/2022;9/11/2022;9/11/2022;9/11/2022;10/11/2022;10/11/2022;10/11/2022;11/11/2022;11/11/2022;11/11/2022;;;;;;;;;;;;;;;;;;;;;;;;;;;;;;;;;;;;;;;;;;;;;;;;;;;;;;;;;;;;;;;;;;;;;;;;;;;;;;;;;;;;;;;;;;;;;;
nov-22;12/12/2022;12/12/2022;12/12/2022;12/12/2022;13/12/2022;13/12/2022;13/12/2022;14/12/2022;14/12/2022;14/12/2022;;;;;;;;;;;;;;;;;;;;;;;;;;;;;;;;;;;;;;;;;;;;;;;;;;;;;;;;;;;;;;;;;;;;;;;;;;;;;;;;;;;;;;;;;;;;;;
dic-22;9/1/2023;9/1/2023;9/1/2023;9/1/2023;10/1/2023;10/1/2023;10/1/2023;11/1/2023;11/1/2023;11/1/2023;;;;;;;;;;;;;;;;;;;;;;;;;;;;;;;;;;;;;;;;;;;;;;;;;;;;;;;;;;;;;;;;;;;;;;;;;;;;;;;;;;;;;;;;;;;;;;
ene-23;9/2/2023;9/2/2023;9/2/2023;9/2/2023;10/2/2023;10/2/2023;10/2/2023;13/2/2023;13/2/2023;13/2/2023;;;;;;;;;;;;;;;;;;;;;;;;;;;;;;;;;;;;;;;;;;;;;;;;;;;;;;;;;;;;;;;;;;;;;;;;;;;;;;;;;;;;;;;;;;;;;;
feb-23;9/3/2023;9/3/2023;9/3/2023;9/3/2023;10/3/2023;10/3/2023;10/3/2023;13/3/2023;13/3/2023;13/3/2023;;;;;;;;;;;;;;;;;;;;;;;;;;;;;;;;;;;;;;;;;;;;;;;;;;;;;;;;;;;;;;;;;;;;;;;;;;;;;;;;;;;;;;;;;;;;;;
mar-23;10/4/2023;10/4/2023;10/4/2023;10/4/2023;11/4/2023;11/4/2023;11/4/2023;12/4/2023;12/4/2023;12/4/2023;;;;;;;;;;;;;;;;;;;;;;;;;;;;;;;;;;;;;;;;;;;;;;;;;;;;;;;;;;;;;;;;;;;;;;;;;;;;;;;;;;;;;;;;;;;;;;
abr-23;9/5/2023;9/5/2023;9/5/2023;9/5/2023;10/5/2023;10/5/2023;10/5/2023;11/5/2023;11/5/2023;11/5/2023;;;;;;;;;;;;;;;;;;;;;;;;;;;;;;;;;;;;;;;;;;;;;;;;;;;;;;;;;;;;;;;;;;;;;;;;;;;;;;;;;;;;;;;;;;;;;;
may-23;9/6/2023;9/6/2023;9/6/2023;9/6/2023;12/6/2023;12/6/2023;12/6/2023;13/6/2023;13/6/2023;13/6/2023;;;;;;;;;;;;;;;;;;;;;;;;;;;;;;;;;;;;;;;;;;;;;;;;;;;;;;;;;;;;;;;;;;;;;;;;;;;;;;;;;;;;;;;;;;;;;;
jun-23;10/7/2023;10/7/2023;10/7/2023;10/7/2023;11/7/2023;11/7/2023;11/7/2023;12/7/2023;12/7/2023;12/7/2023;;;;;;;;;;;;;;;;;;;;;;;;;;;;;;;;;;;;;;;;;;;;;;;;;;;;;;;;;;;;;;;;;;;;;;;;;;;;;;;;;;;;;;;;;;;;;;
jul-23;9/8/2023;9/8/2023;9/8/2023;9/8/2023;10/8/2023;10/8/2023;10/8/2023;11/8/2023;11/8/2023;11/8/2023;;;;;;;;;;;;;;;;;;;;;;;;;;;;;;;;;;;;;;;;;;;;;;;;;;;;;;;;;;;;;;;;;;;;;;;;;;;;;;;;;;;;;;;;;;;;;;
ago-23;13/9/2023;13/9/2023;13/9/2023;13/9/2023;14/9/2023;14/9/2023;14/9/2023;15/9/2023;15/9/2023;15/9/2023;;;;;;;;;;;;;;;;;;;;;;;;;;;;;;;;;;;;;;;;;;;;;;;;;;;;;;;;;;;;;;;;;;;;;;;;;;;;;;;;;;;;;;;;;;;;;;
sept-23;9/10/2023;9/10/2023;9/10/2023;9/10/2023;10/10/2023;10/10/2023;10/10/2023;11/10/2023;11/10/2023;11/10/2023;;;;;;;;;;;;;;;;;;;;;;;;;;;;;;;;;;;;;;;;;;;;;;;;;;;;;;;;;;;;;;;;;;;;;;;;;;;;;;;;;;;;;;;;;;;;;;
oct-23;9/11/2023;9/11/2023;9/11/2023;9/11/2023;10/11/2023;10/11/2023;10/11/2023;13/11/2023;13/11/2023;13/11/2023;;;;;;;;;;;;;;;;;;;;;;;;;;;;;;;;;;;;;;;;;;;;;;;;;;;;;;;;;;;;;;;;;;;;;;;;;;;;;;;;;;;;;;;;;;;;;;
nov-23;11/12/2023;11/12/2023;11/12/2023;11/12/2023;12/12/2023;12/12/2023;12/12/2023;13/12/2023;13/12/2023;13/12/2023;;;;;;;;;;;;;;;;;;;;;;;;;;;;;;;;;;;;;;;;;;;;;;;;;;;;;;;;;;;;;;;;;;;;;;;;;;;;;;;;;;;;;;;;;;;;;;
dic-23;11/1/2024;11/1/2024;11/1/2024;11/1/2024;12/1/2024;12/1/2024;12/1/2024;15/1/2024;15/1/2024;15/1/2024;;;;;;;;;;;;;;;;;;;;;;;;;;;;;;;;;;;;;;;;;;;;;;;;;;;;;;;;;;;;;;;;;;;;;;;;;;;;;;;;;;;;;;;;;;;;;;
ene-24;9/2/2024;9/2/2024;9/2/2024;9/2/2024;14/2/2024;14/2/2024;14/2/2024;15/2/2024;15/2/2024;15/2/2024;;;;;;;;;;;;;;;;;;;;;;;;;;;;;;;;;;;;;;;;;;;;;;;;;;;;;;;;;;;;;;;;;;;;;;;;;;;;;;;;;;;;;;;;;;;;;;
feb-24;11/3/2024;11/3/2024;11/3/2024;11/3/2024;12/3/2024;12/3/2024;12/3/2024;13/3/2024;13/3/2024;13/3/2024;;;;;;;;;;;;;;;;;;;;;;;;;;;;;;;;;;;;;;;;;;;;;;;;;;;;;;;;;;;;;;;;;;;;;;;;;;;;;;;;;;;;;;;;;;;;;;
mar-24;9/4/2024;9/4/2024;9/4/2024;9/4/2024;10/4/2024;10/4/2024;10/4/2024;11/4/2024;11/4/2024;11/4/2024;;;;;;;;;;;;;;;;;;;;;;;;;;;;;;;;;;;;;;;;;;;;;;;;;;;;;;;;;;;;;;;;;;;;;;;;;;;;;;;;;;;;;;;;;;;;;;
abr-24;9/5/2024;9/5/2024;9/5/2024;9/5/2024;10/5/2024;10/5/2024;10/5/2024;13/5/2024;13/5/2024;13/5/2024;;;;;;;;;;;;;;;;;;;;;;;;;;;;;;;;;;;;;;;;;;;;;;;;;;;;;;;;;;;;;;;;;;;;;;;;;;;;;;;;;;;;;;;;;;;;;;
may-24;10/6/2024;10/6/2024;10/6/2024;10/6/2024;11/6/2024;11/6/2024;11/6/2024;12/6/2024;12/6/2024;12/6/2024;;;;;;;;;;;;;;;;;;;;;;;;;;;;;;;;;;;;;;;;;;;;;;;;;;;;;;;;;;;;;;;;;;;;;;;;;;;;;;;;;;;;;;;;;;;;;;
jun-24;10/7/2024;10/7/2024;10/7/2024;10/7/2024;11/7/2024;11/7/2024;11/7/2024;12/7/2024;12/7/2024;12/7/2024;;;;;;;;;;;;;;;;;;;;;;;;;;;;;;;;;;;;;;;;;;;;;;;;;;;;;;;;;;;;;;;;;;;;;;;;;;;;;;;;;;;;;;;;;;;;;;
jul-24;9/8/2024;9/8/2024;9/8/2024;9/8/2024;12/8/2024;12/8/2024;12/8/2024;13/8/2024;13/8/2024;13/8/2024;;;;;;;;;;;;;;;;;;;;;;;;;;;;;;;;;;;;;;;;;;;;;;;;;;;;;;;;;;;;;;;;;;;;;;;;;;;;;;;;;;;;;;;;;;;;;;
ago-24;9/9/2024;9/9/2024;9/9/2024;9/9/2024;12/9/2024;12/9/2024;12/9/2024;13/9/2024;13/9/2024;13/9/2024;;;;;;;;;;;;;;;;;;;;;;;;;;;;;;;;;;;;;;;;;;;;;;;;;;;;;;;;;;;;;;;;;;;;;;;;;;;;;;;;;;;;;;;;;;;;;;
sept-24;9/10/2024;9/10/2024;9/10/2024;9/10/2024;10/10/2024;10/10/2024;10/10/2024;11/10/2024;11/10/2024;11/10/2024;;;;;;;;;;;;;;;;;;;;;;;;;;;;;;;;;;;;;;;;;;;;;;;;;;;;;;;;;;;;;;;;;;;;;;;;;;;;;;;;;;;;;;;;;;;;;;
oct-24;11/11/2024;11/11/2024;11/11/2024;11/11/2024;12/11/2024;12/11/2024;12/11/2024;13/11/2024;13/11/2024;13/11/2024;;;;;;;;;;;;;;;;;;;;;;;;;;;;;;;;;;;;;;;;;;;;;;;;;;;;;;;;;;;;;;;;;;;;;;;;;;;;;;;;;;;;;;;;;;;;;;
nov-24;9/12/2024;9/12/2024;9/12/2024;9/12/2024;10/12/2024;10/12/2024;10/12/2024;11/12/2024;11/12/2024;11/12/2024;;;;;;;;;;;;;;;;;;;;;;;;;;;;;;;;;;;;;;;;;;;;;;;;;;;;;;;;;;;;;;;;;;;;;;;;;;;;;;;;;;;;;;;;;;;;;;
dic-24;9/1/2025;9/1/2025;9/1/2025;9/1/2025;10/1/2025;10/1/2025;10/1/2025;13/1/2025;13/1/2025;13/1/2025;;;;;;;;;;;;;;;;;;;;;;;;;;;;;;;;;;;;;;;;;;;;;;;;;;;;;;;;;;;;;;;;;;;;;;;;;;;;;;;;;;;;;;;;;;;;;;
ene-25;10/2/2025;10/2/2025;10/2/2025;10/2/2025;11/2/2025;11/2/2025;11/2/2025;12/2/2025;12/2/2025;12/2/2025;;;;;;;;;;;;;;;;;;;;;;;;;;;;;;;;;;;;;;;;;;;;;;;;;;;;;;;;;;;;;;;;;;;;;;;;;;;;;;;;;;;;;;;;;;;;;;
feb-25;10/3/2025;10/3/2025;10/3/2025;10/3/2025;11/3/2025;11/3/2025;11/3/2025;12/3/2025;12/3/2025;12/3/2025;;;;;;;;;;;;;;;;;;;;;;;;;;;;;;;;;;;;;;;;;;;;;;;;;;;;;;;;;;;;;;;;;;;;;;;;;;;;;;;;;;;;;;;;;;;;;;
mar-25;9/4/2025;9/4/2025;9/4/2025;9/4/2025;10/4/2025;10/4/2025;10/4/2025;11/4/2025;11/4/2025;11/4/2025;;;;;;;;;;;;;;;;;;;;;;;;;;;;;;;;;;;;;;;;;;;;;;;;;;;;;;;;;;;;;;;;;;;;;;;;;;;;;;;;;;;;;;;;;;;;;;
abr-25;9/5/2025;9/5/2025;9/5/2025;9/5/2025;12/5/2025;12/5/2025;12/5/2025;13/5/2025;13/5/2025;13/5/2025;;;;;;;;;;;;;;;;;;;;;;;;;;;;;;;;;;;;;;;;;;;;;;;;;;;;;;;;;;;;;;;;;;;;;;;;;;;;;;;;;;;;;;;;;;;;;;
may-25;9/6/2025;9/6/2025;9/6/2025;9/6/2025;10/6/2025;10/6/2025;10/6/2025;11/6/2025;11/6/2025;11/6/2025;;;;;;;;;;;;;;;;;;;;;;;;;;;;;;;;;;;;;;;;;;;;;;;;;;;;;;;;;;;;;;;;;;;;;;;;;;;;;;;;;;;;;;;;;;;;;;
jun-25;10/7/2025;10/7/2025;10/7/2025;10/7/2025;11/7/2025;11/7/2025;11/7/2025;14/7/2025;14/7/2025;14/7/2025;;;;;;;;;;;;;;;;;;;;;;;;;;;;;;;;;;;;;;;;;;;;;;;;;;;;;;;;;;;;;;;;;;;;;;;;;;;;;;;;;;;;;;;;;;;;;;
jul-25;11/8/2025;11/8/2025;11/8/2025;11/8/2025;12/8/2025;12/8/2025;12/8/2025;13/8/2025;13/8/2025;13/8/2025;;;;;;;;;;;;;;;;;;;;;;;;;;;;;;;;;;;;;;;;;;;;;;;;;;;;;;;;;;;;;;;;;;;;;;;;;;;;;;;;;;;;;;;;;;;;;;
ago-25;9/9/2025;9/9/2025;9/9/2025;9/9/2025;10/9/2025;10/9/2025;10/9/2025;11/9/2025;11/9/2025;11/9/2025;;;;;;;;;;;;;;;;;;;;;;;;;;;;;;;;;;;;;;;;;;;;;;;;;;;;;;;;;;;;;;;;;;;;;;;;;;;;;;;;;;;;;;;;;;;;;;
sept-25;9/10/2025;9/10/2025;9/10/2025;9/10/2025;10/10/2025;10/10/2025;10/10/2025;13/10/2025;13/10/2025;13/10/2025;;;;;;;;;;;;;;;;;;;;;;;;;;;;;;;;;;;;;;;;;;;;;;;;;;;;;;;;;;;;;;;;;;;;;;;;;;;;;;;;;;;;;;;;;;;;;;
oct-25;10/11/2025;10/11/2025;10/11/2025;10/11/2025;11/11/2025;11/11/2025;11/11/2025;12/11/2025;12/11/2025;12/11/2025;;;;;;;;;;;;;;;;;;;;;;;;;;;;;;;;;;;;;;;;;;;;;;;;;;;;;;;;;;;;;;;;;;;;;;;;;;;;;;;;;;;;;;;;;;;;;;
nov-25;9/12/2025;9/12/2025;9/12/2025;9/12/2025;10/12/2025;10/12/2025;10/12/2025;11/12/2025;11/12/2025;11/12/2025;;;;;;;;;;;;;;;;;;;;;;;;;;;;;;;;;;;;;;;;;;;;;;;;;;;;;;;;;;;;;;;;;;;;;;;;;;;;;;;;;;;;;;;;;;;;;;
dic-25;9/12/2025;9/12/2025;9/12/2025;9/12/2025;10/12/2025;10/12/2025;10/12/2025;11/12/2025;11/12/2025;11/12/2025;;;;;;;;;;;;;;;;;;;;;;;;;;;;;;;;;;;;;;;;;;;;;;;;;;;;;;;;;;;;;;;;;;;;;;;;;;;;;;;;;;;;;;;;;;;;;;
ene-26;9/12/2025;9/12/2025;9/12/2025;9/12/2025;10/12/2025;10/12/2025;10/12/2025;11/12/2025;11/12/2025;11/12/2025;;;;;;;;;;;;;;;;;;;;;;;;;;;;;;;;;;;;;;;;;;;;;;;;;;;;;;;;;;;;;;;;;;;;;;;;;;;;;;;;;;;;;;;;;;;;;;
feb-26;9/12/2025;9/12/2025;9/12/2025;9/12/2025;10/12/2025;10/12/2025;10/12/2025;11/12/2025;11/12/2025;11/12/2025;;;;;;;;;;;;;;;;;;;;;;;;;;;;;;;;;;;;;;;;;;;;;;;;;;;;;;;;;;;;;;;;;;;;;;;;;;;;;;;;;;;;;;;;;;;;;;
mar-26;9/12/2025;9/12/2025;9/12/2025;9/12/2025;10/12/2025;10/12/2025;10/12/2025;11/12/2025;11/12/2025;11/12/2025;;;;;;;;;;;;;;;;;;;;;;;;;;;;;;;;;;;;;;;;;;;;;;;;;;;;;;;;;;;;;;;;;;;;;;;;;;;;;;;;;;;;;;;;;;;;;;
abr-26;9/12/2025;9/12/2025;9/12/2025;9/12/2025;10/12/2025;10/12/2025;10/12/2025;11/12/2025;11/12/2025;11/12/2025;;;;;;;;;;;;;;;;;;;;;;;;;;;;;;;;;;;;;;;;;;;;;;;;;;;;;;;;;;;;;;;;;;;;;;;;;;;;;;;;;;;;;;;;;;;;;;
may-26;9/12/2025;9/12/2025;9/12/2025;9/12/2025;10/12/2025;10/12/2025;10/12/2025;11/12/2025;11/12/2025;11/12/2025;;;;;;;;;;;;;;;;;;;;;;;;;;;;;;;;;;;;;;;;;;;;;;;;;;;;;;;;;;;;;;;;;;;;;;;;;;;;;;;;;;;;;;;;;;;;;;
jun-26;9/12/2025;9/12/2025;9/12/2025;9/12/2025;10/12/2025;10/12/2025;10/12/2025;11/12/2025;11/12/2025;11/12/2025;;;;;;;;;;;;;;;;;;;;;;;;;;;;;;;;;;;;;;;;;;;;;;;;;;;;;;;;;;;;;;;;;;;;;;;;;;;;;;;;;;;;;;;;;;;;;;
jul-26;9/12/2025;9/12/2025;9/12/2025;9/12/2025;10/12/2025;10/12/2025;10/12/2025;11/12/2025;11/12/2025;11/12/2025;;;;;;;;;;;;;;;;;;;;;;;;;;;;;;;;;;;;;;;;;;;;;;;;;;;;;;;;;;;;;;;;;;;;;;;;;;;;;;;;;;;;;;;;;;;;;;
ago-26;9/12/2025;9/12/2025;9/12/2025;9/12/2025;10/12/2025;10/12/2025;10/12/2025;11/12/2025;11/12/2025;11/12/2025;;;;;;;;;;;;;;;;;;;;;;;;;;;;;;;;;;;;;;;;;;;;;;;;;;;;;;;;;;;;;;;;;;;;;;;;;;;;;;;;;;;;;;;;;;;;;;
sept-26;9/12/2025;9/12/2025;9/12/2025;9/12/2025;10/12/2025;10/12/2025;10/12/2025;11/12/2025;11/12/2025;11/12/2025;;;;;;;;;;;;;;;;;;;;;;;;;;;;;;;;;;;;;;;;;;;;;;;;;;;;;;;;;;;;;;;;;;;;;;;;;;;;;;;;;;;;;;;;;;;;;;
oct-26;9/12/2025;9/12/2025;9/12/2025;9/12/2025;10/12/2025;10/12/2025;10/12/2025;11/12/2025;11/12/2025;11/12/2025;;;;;;;;;;;;;;;;;;;;;;;;;;;;;;;;;;;;;;;;;;;;;;;;;;;;;;;;;;;;;;;;;;;;;;;;;;;;;;;;;;;;;;;;;;;;;;
nov-26;9/12/2025;9/12/2025;9/12/2025;9/12/2025;10/12/2025;10/12/2025;10/12/2025;11/12/2025;11/12/2025;11/12/2025;;;;;;;;;;;;;;;;;;;;;;;;;;;;;;;;;;;;;;;;;;;;;;;;;;;;;;;;;;;;;;;;;;;;;;;;;;;;;;;;;;;;;;;;;;;;;;
dic-26;9/12/2025;9/12/2025;9/12/2025;9/12/2025;10/12/2025;10/12/2025;10/12/2025;11/12/2025;11/12/2025;11/12/2025;;;;;;;;;;;;;;;;;;;;;;;;;;;;;;;;;;;;;;;;;;;;;;;;;;;;;;;;;;;;;;;;;;;;;;;;;;;;;;;;;;;;;;;;;;;;;;
;;;;;;;;;;;;;;;;;;;;;;;;;;;;;;;;;;;;;;;;;;;;;;;;;;;;;;;;;;;;;;;;;;;;;;;;;;;;;;;;;;;;;;;;;;;;;;;;;;;;;;;;
